,source,target
0,1160502001249280000,838136759254978562
1,1160502001249280000,55585752
2,1160502001249280000,2877874905
3,1160502001249280000,1176181637765390337
4,1160502001249280000,1094879122130722817
5,1160502001249280000,1244308848
6,1160502001249280000,1294686382129139712
7,1160502001249280000,2885462489
8,1160502001249280000,730130816479662081
9,1160502001249280000,148701051
10,1160502001249280000,885149406407778305
11,1160502001249280000,2499490548
12,1160502001249280000,872712980252823553
13,1160502001249280000,244564290
14,1160502001249280000,1521549985048846337
15,1160502001249280000,30062001
16,1160502001249280000,1362385391794356233
17,1160502001249280000,792312864182767617
18,1160502001249280000,26304875
19,1160502001249280000,1408506323696689153
20,1160502001249280000,21042987
21,1160502001249280000,1324264836348477441
22,1160502001249280000,1241424223
23,1160502001249280000,372879881
24,1160502001249280000,490585338
25,1160502001249280000,17229089
26,1160502001249280000,1441977516
27,1160502001249280000,257453793
28,1160502001249280000,69246623
29,1160502001249280000,251146379
30,1160502001249280000,1229517566621732870
31,1160502001249280000,1478930772400631808
32,1160502001249280000,956324967422967808
33,1160502001249280000,41873808
34,1160502001249280000,1458157112618541062
35,1160502001249280000,1433693049373216780
36,1160502001249280000,422949392
37,1160502001249280000,474248221
38,1160502001249280000,19742281
39,1160502001249280000,1381358346264010753
40,1160502001249280000,1331672565971087360
41,1160502001249280000,1422954400537092098
42,1160502001249280000,2939814281
43,1160502001249280000,1344024563210985475
44,1160502001249280000,267743091
45,1160502001249280000,272598070
46,1160502001249280000,21391144
47,1160502001249280000,320459849
48,1160502001249280000,1030810422289547264
49,1160502001249280000,1295713590
50,1160502001249280000,246001296
51,1160502001249280000,166326833
52,1160502001249280000,50800805
53,1160502001249280000,2186555756
54,1160502001249280000,20538964
55,1160502001249280000,1055194716
56,1160502001249280000,1332814383747981312
57,1160502001249280000,1016328821090541568
58,1160502001249280000,772089828
59,1160502001249280000,4865217921
60,1160502001249280000,912756128332820481
61,1160502001249280000,1251779973364559872
62,1160502001249280000,1236627199907835906
63,1160502001249280000,1237639078050439168
64,1160502001249280000,235159413
65,1160502001249280000,772152647776407553
66,1160502001249280000,1229828199837839361
67,1160502001249280000,1227948954551308288
68,1160502001249280000,3295307024
69,1160502001249280000,1585789591
70,1160502001249280000,1212318751682514947
71,1160502001249280000,601196398
72,1160502001249280000,267184063
73,1160502001249280000,53188546
74,1160502001249280000,2893666086
75,1160502001249280000,167189475
76,1160502001249280000,20692650
77,1160502001249280000,46509382
78,1160502001249280000,194122418
79,1160502001249280000,1583626788
80,1160502001249280000,849651378
81,1160502001249280000,2873748802
82,1160502001249280000,78277006
83,1160502001249280000,775024717191319552
84,1160502001249280000,845912533
85,1160502001249280000,24942708
86,1160502001249280000,63946731
87,1160502001249280000,2955026301
88,1160502001249280000,187323418
89,1160502001249280000,1058699424
90,1160502001249280000,91449381
91,1160502001249280000,521236560
92,1160502001249280000,55550401
93,1160502001249280000,87171315
94,1160502001249280000,1082988932
95,1160502001249280000,886489874102177792
96,1160502001249280000,32995091
97,1160502001249280000,2777247413
98,1160502001249280000,276996680
99,1160502001249280000,361152088
100,1160502001249280000,35517188
101,1160502001249280000,3205323803
102,1160502001249280000,819896277706141697
103,1160502001249280000,141726525
104,1160502001249280000,222429638
105,1160502001249280000,133847755
106,1160502001249280000,313444670
107,1160502001249280000,90936647
108,1160502001249280000,1051848212653531136
109,1160502001249280000,320325596
110,1160502001249280000,1158443853269078018
111,1160502001249280000,63067073
112,1160502001249280000,16567574
113,1160502001249280000,275460535
114,1160502001249280000,424638881
115,1160502001249280000,26787018
116,1070332391217078273,838136759254978562
117,1070332391217078273,1073339659223269376
118,1070332391217078273,84690697
119,1070332391217078273,2319103570
120,1070332391217078273,469503555
121,1070332391217078273,55901387
122,1070332391217078273,2962333241
123,1070332391217078273,1444768247786745861
124,1070332391217078273,244402906
125,1070332391217078273,239484305
126,1070332391217078273,1518959528661946368
127,1070332391217078273,1433725267193782273
128,1070332391217078273,1265921406849609728
129,1070332391217078273,2496761904
130,1070332391217078273,2636421944
131,1070332391217078273,836042191
132,1070332391217078273,1215390836936073217
133,1070332391217078273,305214918
134,1070332391217078273,48732554
135,1070332391217078273,14048104
136,1070332391217078273,3428208929
137,1070332391217078273,55516160
138,1070332391217078273,33859847
139,1070332391217078273,3144653346
140,1070332391217078273,1086007922042257408
141,1070332391217078273,288481878
142,1070332391217078273,29471238
143,1070332391217078273,784959488
144,1070332391217078273,1244966128880881664
145,1070332391217078273,16688184
146,1070332391217078273,2286771903
147,1070332391217078273,3086381334
148,1070332391217078273,2490533544
149,1070332391217078273,1306959917178331136
150,1070332391217078273,396781889
151,1070332391217078273,122729919
152,1070332391217078273,2279506423
153,1070332391217078273,880458520763748352
154,1070332391217078273,1129333897194606592
155,1070332391217078273,212702656
156,1070332391217078273,860023328454692865
157,1070332391217078273,914990024768331777
158,1070332391217078273,414586047
159,1070332391217078273,773468567509565440
160,1070332391217078273,50326689
161,1070332391217078273,492611810
162,1070332391217078273,251810420
163,1070332391217078273,282222513
164,1070332391217078273,389140227
165,1070332391217078273,1443491121745645569
166,1070332391217078273,2883134725
167,1070332391217078273,1042469730060328961
168,1070332391217078273,1279286348550148096
169,1070332391217078273,1662886908
170,1070332391217078273,353278974
171,1070332391217078273,227699888
172,1070332391217078273,1412436782436728834
173,1070332391217078273,223608058
174,1070332391217078273,1551981905553240065
175,1070332391217078273,1531567803332952064
176,1070332391217078273,64187070
177,1070332391217078273,707187389266071552
178,1070332391217078273,1039253199805407233
179,1070332391217078273,771267229048446977
180,1070332391217078273,1495923578025521155
181,1070332391217078273,1374464363747102720
182,1070332391217078273,707762592262000641
183,1070332391217078273,824019530
184,1070332391217078273,230758626
185,1070332391217078273,1382753039426158598
186,1070332391217078273,268737141
187,1070332391217078273,2765009549
188,1070332391217078273,185150387
189,1070332391217078273,3236284022
190,1070332391217078273,2650767223
191,1070332391217078273,1281539765893058565
192,1070332391217078273,1253173568957005827
193,1070332391217078273,1493338024029171719
194,1070332391217078273,1325642430
195,1070332391217078273,1247398322
196,1070332391217078273,4921386472
197,1070332391217078273,1252229328772820997
198,1070332391217078273,2310444360
199,1070332391217078273,16316345
200,1070332391217078273,1061184175766757377
201,1070332391217078273,825458278696177670
202,1070332391217078273,233655509
203,1070332391217078273,1150958474
204,1070332391217078273,1473962478442790920
205,1070332391217078273,1283419344
206,1070332391217078273,4884522202
207,1070332391217078273,1216273568776015874
208,1070332391217078273,182705026
209,1070332391217078273,1365164730
210,1070332391217078273,167126966
211,1070332391217078273,718299668
212,1070332391217078273,403991161
213,1070332391217078273,1558888011848351744
214,1070332391217078273,1548794738878414848
215,1070332391217078273,781903854229225474
216,1070332391217078273,1303044427812925440
217,1070332391217078273,1424853967348158470
218,1070332391217078273,1126466788055818240
219,1070332391217078273,900296286460674049
220,1070332391217078273,1319662734795997185
221,1070332391217078273,14897481
222,1070332391217078273,456826445
223,1070332391217078273,2827462498
224,1070332391217078273,200512696
225,1070332391217078273,1444429272333131783
226,1070332391217078273,1359995099363573760
227,1070332391217078273,1033720259977596929
228,1070332391217078273,1405353690
229,1070332391217078273,3071961756
230,1070332391217078273,105243055
231,1070332391217078273,1222266703796633600
232,1070332391217078273,1215294233021702153
233,1070332391217078273,1047843532898295808
234,1070332391217078273,1097256923173396481
235,1070332391217078273,319316439
236,1070332391217078273,1172184149467246593
237,1070332391217078273,1513782324940451842
238,1070332391217078273,3532572082
239,1070332391217078273,43807600
240,1070332391217078273,338968199
241,1070332391217078273,1466525450725998596
242,838136759254978562,69098454
243,838136759254978562,1455485081594777612
244,838136759254978562,1131252543412199425
245,838136759254978562,1656073075
246,838136759254978562,284443848
247,838136759254978562,18896884
248,838136759254978562,1501792469507362819
249,838136759254978562,526439855
250,838136759254978562,1951228699
251,838136759254978562,847392516076851208
252,838136759254978562,711159636989251585
253,838136759254978562,50942398
254,838136759254978562,956236592
255,838136759254978562,352612489
256,838136759254978562,761584018823479298
257,838136759254978562,2348853575
258,838136759254978562,127261664
259,838136759254978562,984067923718361089
260,838136759254978562,258719968
261,838136759254978562,479333563
262,838136759254978562,176933556
263,838136759254978562,915246066869719041
264,838136759254978562,826788345296670725
265,838136759254978562,776304856046964736
266,838136759254978562,751431918084820996
267,838136759254978562,3375753083
268,838136759254978562,414603074
269,838136759254978562,82709444
270,838136759254978562,481204190
271,1131252543412199425,1549354373272272897
272,1131252543412199425,273662019
273,1131252543412199425,133086561
274,1131252543412199425,212715051
275,1131252543412199425,1473962478442790920
276,1131252543412199425,486084508
277,1131252543412199425,1363853596522131457
278,1131252543412199425,3428208929
279,1131252543412199425,947524243960532993
280,1131252543412199425,1302190826689363968
281,1131252543412199425,1109761074251866112
282,1131252543412199425,811596792018178048
283,1131252543412199425,24378502
284,1501792469507362819,1549354373272272897
285,1501792469507362819,273662019
286,1501792469507362819,2759844527
287,1501792469507362819,1526599191820222464
288,1501792469507362819,1264563992200122368
289,1501792469507362819,2715353151
290,1501792469507362819,2914213804
291,711159636989251585,2877874905
292,711159636989251585,177582828
293,711159636989251585,1519957361309462528
294,711159636989251585,1294686382129139712
295,711159636989251585,1229517566621732870
296,711159636989251585,1055194716
297,711159636989251585,30062001
298,711159636989251585,12646372
299,711159636989251585,1236627199907835906
300,711159636989251585,719225787145195520
301,711159636989251585,346836775
302,711159636989251585,87171315
303,711159636989251585,1172154627816591360
304,711159636989251585,20434600
305,711159636989251585,470371307
306,711159636989251585,461500907
307,711159636989251585,50800805
308,711159636989251585,303577660
309,711159636989251585,947524243960532993
310,711159636989251585,257453793
311,711159636989251585,1241424223
312,711159636989251585,133847755
313,711159636989251585,20692650
314,711159636989251585,26787018
315,711159636989251585,2759844527
316,711159636989251585,19881731
317,711159636989251585,246001296
318,711159636989251585,267743091
319,711159636989251585,137310233
320,711159636989251585,16567574
321,711159636989251585,148701051
322,711159636989251585,1583626788
323,711159636989251585,781903854229225474
324,711159636989251585,2873748802
325,711159636989251585,251146379
326,711159636989251585,234292511
327,711159636989251585,1244308848
328,711159636989251585,313444670
329,711159636989251585,488687420
330,711159636989251585,1051848212653531136
331,711159636989251585,18938604
332,711159636989251585,3205323803
333,711159636989251585,222429638
334,711159636989251585,275460535
335,711159636989251585,14855279
336,711159636989251585,20538964
337,761584018823479298,1374464363747102720
338,761584018823479298,1619776166222614531
339,761584018823479298,182705026
340,761584018823479298,127647252
341,761584018823479298,2992162597
342,761584018823479298,1554088182672760832
343,761584018823479298,2490533544
344,761584018823479298,242423809
345,761584018823479298,1495393253969047554
346,761584018823479298,1583346537463169025
347,761584018823479298,2991651261
348,761584018823479298,770724116743815168
349,761584018823479298,1548794738878414848
350,761584018823479298,1558888011848351744
351,761584018823479298,1043419661973573633
352,761584018823479298,3262065003
353,761584018823479298,1244966128880881664
354,761584018823479298,1225521458
355,761584018823479298,2585800272
356,761584018823479298,248186376
357,761584018823479298,4856677030
358,761584018823479298,1526289195932823560
359,761584018823479298,2511181932
360,761584018823479298,748419969524719616
361,761584018823479298,198516911
362,761584018823479298,1513782324940451842
363,761584018823479298,1501129203969716226
364,761584018823479298,1215294233021702153
365,761584018823479298,1495923578025521155
366,761584018823479298,1493338024029171719
367,761584018823479298,1222266703796633600
368,761584018823479298,1333609751134023680
369,761584018823479298,1491120490571874305
370,761584018823479298,1407995174500941830
371,761584018823479298,1359995099363573760
372,761584018823479298,3071961756
373,761584018823479298,980177958722850818
374,761584018823479298,1443491121745645569
375,761584018823479298,1444429272333131783
376,761584018823479298,1445614926605680651
377,761584018823479298,1415927503403765762
378,761584018823479298,1444768247786745861
379,761584018823479298,2879323313
380,761584018823479298,396781889
381,761584018823479298,3987919475
382,761584018823479298,841727939288932352
383,761584018823479298,3255514641
384,761584018823479298,1424853967348158470
385,761584018823479298,1382753039426158598
386,761584018823479298,1227501394183229440
387,761584018823479298,1351672365307092992
388,761584018823479298,1396927342317015051
389,761584018823479298,795980609688653824
390,761584018823479298,221874579
391,761584018823479298,198836140
392,761584018823479298,1371218366384508931
393,761584018823479298,1355194017202524162
394,761584018823479298,1355034809656074243
395,761584018823479298,45288232
396,761584018823479298,1296386166162427904
397,761584018823479298,818095004900061185
398,761584018823479298,81341599
399,761584018823479298,1217754338837323776
400,761584018823479298,2319175100
401,761584018823479298,1269702521104277505
402,761584018823479298,1040070581117280257
403,761584018823479298,185150387
404,761584018823479298,1303044427812925440
405,761584018823479298,1304416871010242565
406,761584018823479298,159933501
407,761584018823479298,2744444752
408,761584018823479298,1216289117354516481
409,761584018823479298,1220282367518093312
410,761584018823479298,973152183851118592
411,761584018823479298,992111336753647616
412,761584018823479298,475054491
413,761584018823479298,987544237
414,761584018823479298,4921386472
415,761584018823479298,1200745616
416,761584018823479298,1279286348550148096
417,761584018823479298,1254832465593720833
418,761584018823479298,244402906
419,761584018823479298,1005907163993329664
420,761584018823479298,444991363
421,761584018823479298,1183405153778622465
422,761584018823479298,1265921406849609728
423,761584018823479298,1216273568776015874
424,761584018823479298,1150499232937336833
425,761584018823479298,1249667499043545089
426,761584018823479298,860941496400441346
427,761584018823479298,1244643894333243392
428,761584018823479298,822882075682492416
429,761584018823479298,4126048577
430,761584018823479298,1126466788055818240
431,761584018823479298,1194213930954100737
432,761584018823479298,242081857
433,761584018823479298,281213860
434,761584018823479298,1174386494255091713
435,761584018823479298,836042191
436,761584018823479298,24969865
437,761584018823479298,160496978
438,761584018823479298,1186668453521952768
439,761584018823479298,481204190
440,761584018823479298,1181873306183454720
441,761584018823479298,404053490
442,761584018823479298,212702656
443,761584018823479298,242605191
444,761584018823479298,48288407
445,761584018823479298,707187389266071552
446,761584018823479298,861679161936670721
447,761584018823479298,1158445861082402816
448,761584018823479298,233655509
449,761584018823479298,2827462498
450,761584018823479298,1086007922042257408
451,761584018823479298,146182194
452,761584018823479298,1166967834452398081
453,761584018823479298,389140227
454,761584018823479298,460093671
455,761584018823479298,4284328757
456,761584018823479298,758025083948589056
457,761584018823479298,2765009549
458,761584018823479298,1181508591733411840
459,761584018823479298,1683181554
460,761584018823479298,376160781
461,761584018823479298,88161496
462,761584018823479298,1050825898839207937
463,761584018823479298,353278974
464,761584018823479298,125648284
465,761584018823479298,1921034604
466,761584018823479298,1042469730060328961
467,761584018823479298,842344138708291584
468,761584018823479298,2769884363
469,761584018823479298,162078071
470,761584018823479298,217176736
471,761584018823479298,47341423
472,761584018823479298,880458520763748352
473,761584018823479298,807250549867421696
474,761584018823479298,2492805732
475,761584018823479298,489649541
476,761584018823479298,126067830
477,761584018823479298,628365320
478,761584018823479298,570721702
479,761584018823479298,413080798
480,761584018823479298,2170048456
481,761584018823479298,1087330098796290049
482,761584018823479298,597326957
483,761584018823479298,93386436
484,761584018823479298,251810420
485,761584018823479298,1061184175766757377
486,761584018823479298,1052960041496645632
487,761584018823479298,48732554
488,761584018823479298,1066772625517613056
489,761584018823479298,1365164730
490,761584018823479298,1073339659223269376
491,761584018823479298,710707680
492,761584018823479298,1979578376
493,761584018823479298,56652841
494,761584018823479298,935983171895808000
495,761584018823479298,268737141
496,761584018823479298,2433497923
497,761584018823479298,2688043420
498,761584018823479298,801203845
499,761584018823479298,177870238
500,761584018823479298,981978698005057536
501,761584018823479298,404153671
502,761584018823479298,59402824
503,761584018823479298,1029036187393122305
504,761584018823479298,1247398322
505,761584018823479298,4707318681
506,761584018823479298,861619422
507,761584018823479298,48910294
508,761584018823479298,137310233
509,761584018823479298,981195529190219776
510,761584018823479298,757495753082372096
511,761584018823479298,101020138
512,761584018823479298,2279506423
513,761584018823479298,64205859
514,761584018823479298,860023328454692865
515,761584018823479298,922764335826563072
516,761584018823479298,1028077706
517,761584018823479298,1022957275630252034
518,761584018823479298,974942348856758272
519,761584018823479298,946009220528427008
520,761584018823479298,861536580263174145
521,761584018823479298,856254900224892928
522,761584018823479298,878736209631117312
523,761584018823479298,773241990926442496
524,761584018823479298,4375397806
525,761584018823479298,600394301
526,761584018823479298,3253539107
527,761584018823479298,42191852
528,761584018823479298,865626247694499840
529,761584018823479298,866254371029479424
530,761584018823479298,4492303007
531,761584018823479298,72530798
532,761584018823479298,757879605646790656
533,761584018823479298,3491969657
534,761584018823479298,2827942301
535,761584018823479298,239484305
536,761584018823479298,2192596446
537,761584018823479298,53598959
538,761584018823479298,3764320943
539,761584018823479298,2223748046
540,761584018823479298,2680922327
541,761584018823479298,1567653294
542,761584018823479298,4201505907
543,761584018823479298,846433198263427076
544,761584018823479298,444989456
545,761584018823479298,117363558
546,984067923718361089,1158443853269078018
547,984067923718361089,1094879122130722817
548,984067923718361089,885149406407778305
549,984067923718361089,1688755038
550,984067923718361089,26304875
551,984067923718361089,2893666086
552,984067923718361089,1433693049373216780
553,984067923718361089,819896277706141697
554,984067923718361089,1408506323696689153
555,984067923718361089,1478930772400631808
556,984067923718361089,20434600
557,984067923718361089,55550401
558,984067923718361089,1176181637765390337
559,984067923718361089,24942708
560,984067923718361089,272598070
561,984067923718361089,1362385391794356233
562,984067923718361089,1521549985048846337
563,984067923718361089,956324967422967808
564,984067923718361089,490585338
565,984067923718361089,1229828199837839361
566,984067923718361089,1458157112618541062
567,984067923718361089,19742281
568,984067923718361089,46153088
569,984067923718361089,772089828
570,984067923718361089,1381358346264010753
571,984067923718361089,1344024563210985475
572,984067923718361089,1422954400537092098
573,984067923718361089,1295713590
574,984067923718361089,244564290
575,984067923718361089,1332814383747981312
576,984067923718361089,2499490548
577,984067923718361089,91449381
578,984067923718361089,1016328821090541568
579,984067923718361089,1251779973364559872
580,984067923718361089,1227948954551308288
581,984067923718361089,1212318751682514947
582,984067923718361089,4865217921
583,984067923718361089,1237639078050439168
584,984067923718361089,63946731
585,984067923718361089,78277006
586,984067923718361089,276996680
587,984067923718361089,719225787145195520
588,984067923718361089,17229089
589,984067923718361089,236138943
590,984067923718361089,1082988932
591,984067923718361089,601196398
592,984067923718361089,2194367518
593,984067923718361089,21042987
594,984067923718361089,772152647776407553
595,984067923718361089,32995091
596,984067923718361089,2518328428
597,984067923718361089,1542769999
598,984067923718361089,267184063
599,984067923718361089,187323418
600,984067923718361089,35517188
601,984067923718361089,849651378
602,984067923718361089,361152088
603,984067923718361089,311686044
604,984067923718361089,41873808
605,984067923718361089,474248221
606,984067923718361089,2186555756
607,984067923718361089,320325596
608,984067923718361089,2955026301
609,984067923718361089,90936647
610,984067923718361089,912756128332820481
611,984067923718361089,472185954
612,984067923718361089,69246623
613,984067923718361089,63067073
614,984067923718361089,1585789591
615,984067923718361089,459740481
616,984067923718361089,235159413
617,984067923718361089,424638881
618,984067923718361089,167189475
619,984067923718361089,482835754
620,984067923718361089,166326833
621,847392516076851208,33859847
622,847392516076851208,61155830
623,915246066869719041,485832454
624,915246066869719041,381491791
625,915246066869719041,95522664
626,915246066869719041,1364225519533793283
627,915246066869719041,21723721
628,915246066869719041,322623149
629,915246066869719041,350012026
630,915246066869719041,1361319824106864643
631,915246066869719041,836507291629338624
632,915246066869719041,999523808825479168
633,915246066869719041,1291089009507172357
634,915246066869719041,1290657284750741513
635,915246066869719041,133086561
636,915246066869719041,3212643651
637,915246066869719041,2912701720
638,915246066869719041,733255549999939584
639,915246066869719041,97916717
640,915246066869719041,2384998032
641,915246066869719041,549621843
642,915246066869719041,3315831155
643,915246066869719041,1151019061
644,915246066869719041,297008989
645,915246066869719041,295108382
646,915246066869719041,2154562110
647,915246066869719041,762874741262725120
648,915246066869719041,930740951957454848
649,915246066869719041,765225184374784001
650,915246066869719041,4107139102
651,915246066869719041,3545903547
652,915246066869719041,1359795332
653,915246066869719041,863397170417893376
654,915246066869719041,1256705564
655,915246066869719041,3188484119
656,915246066869719041,3200101149
657,915246066869719041,3128623287
658,915246066869719041,20696744
659,915246066869719041,820656179114287110
660,915246066869719041,2245418471
661,915246066869719041,996390593587707904
662,915246066869719041,31145941
663,915246066869719041,1490201472
664,915246066869719041,934794758630887424
665,915246066869719041,2400409886
666,915246066869719041,3346262301
667,915246066869719041,3099017666
668,915246066869719041,288250384
669,915246066869719041,1897825531
670,915246066869719041,2842609901
671,915246066869719041,479426371
672,915246066869719041,15210670
673,915246066869719041,566280594
674,915246066869719041,843287858
675,915246066869719041,910845268870012928
676,915246066869719041,325107994
677,915246066869719041,2504909654
678,915246066869719041,190337893
679,915246066869719041,902779728339361792
680,915246066869719041,2400631471
681,915246066869719041,905518099058888704
682,915246066869719041,4857290615
683,915246066869719041,41702018
684,915246066869719041,760585813
685,915246066869719041,2748517662
686,915246066869719041,1333292376
687,915246066869719041,29550566
688,915246066869719041,2980169135
689,915246066869719041,4330144943
690,915246066869719041,921753996582408192
691,915246066869719041,790856791580180481
692,915246066869719041,3204187947
693,915246066869719041,701465912147361792
694,915246066869719041,22786802
695,915246066869719041,2562329445
696,915246066869719041,309086484
697,915246066869719041,2328854937
698,915246066869719041,1035536202
699,915246066869719041,1537355581
700,915246066869719041,1932090410
701,915246066869719041,909171888345231361
702,915246066869719041,1411574269
703,915246066869719041,1082637517
704,915246066869719041,722520904538923008
705,915246066869719041,911312803989921792
706,915246066869719041,99147325
707,915246066869719041,481204190
708,915246066869719041,760079403711885312
709,915246066869719041,751431918084820996
710,826788345296670725,218570559
711,826788345296670725,74119564
712,826788345296670725,999281615510691840
713,826788345296670725,29078703
714,826788345296670725,730889624
715,826788345296670725,251495179
716,826788345296670725,920616112966000640
717,826788345296670725,709349933422419968
718,826788345296670725,793840169849729024
719,826788345296670725,2894707270
720,826788345296670725,905793678870020096
721,826788345296670725,396590057
722,826788345296670725,1197242587
723,826788345296670725,887640046823759872
724,826788345296670725,2497378959
725,826788345296670725,2598066360
726,826788345296670725,701700948
727,826788345296670725,730048403107885056
728,826788345296670725,776304856046964736
729,751431918084820996,322623149
730,751431918084820996,1364225519533793283
731,751431918084820996,1361319824106864643
732,751431918084820996,295108382
733,751431918084820996,1291089009507172357
734,751431918084820996,1290657284750741513
735,751431918084820996,297008989
736,751431918084820996,2912701720
737,751431918084820996,549621843
738,751431918084820996,2384998032
739,751431918084820996,3128623287
740,751431918084820996,2328854937
741,751431918084820996,29550566
742,751431918084820996,1151019061
743,751431918084820996,2154562110
744,751431918084820996,3545903547
745,751431918084820996,905518099058888704
746,751431918084820996,930740951957454848
747,751431918084820996,863397170417893376
748,751431918084820996,999523808825479168
749,751431918084820996,1359795332
750,751431918084820996,733255549999939584
751,751431918084820996,1490201472
752,751431918084820996,934794758630887424
753,751431918084820996,996390593587707904
754,751431918084820996,479426371
755,751431918084820996,31145941
756,751431918084820996,1932090410
757,751431918084820996,910845268870012928
758,751431918084820996,902779728339361792
759,751431918084820996,790856791580180481
760,751431918084820996,3346262301
761,751431918084820996,1082637517
762,751431918084820996,2504909654
763,751431918084820996,921753996582408192
764,751431918084820996,21723721
765,751431918084820996,909171888345231361
766,751431918084820996,760585813
767,751431918084820996,911312803989921792
768,751431918084820996,1333292376
769,751431918084820996,1035536202
770,751431918084820996,190337893
771,751431918084820996,2562329445
772,751431918084820996,836507291629338624
773,751431918084820996,3099017666
774,751431918084820996,2748517662
775,751431918084820996,1897825531
776,751431918084820996,309086484
777,751431918084820996,566280594
778,751431918084820996,820656179114287110
779,751431918084820996,3200101149
780,751431918084820996,843287858
781,751431918084820996,485832454
782,751431918084820996,350012026
783,751431918084820996,1256705564
784,751431918084820996,4107139102
785,751431918084820996,4857290615
786,751431918084820996,288250384
787,751431918084820996,765225184374784001
788,751431918084820996,20696744
789,751431918084820996,2980169135
790,751431918084820996,3188484119
791,751431918084820996,762874741262725120
792,751431918084820996,3212643651
793,751431918084820996,2400409886
794,751431918084820996,325107994
795,751431918084820996,1411574269
796,751431918084820996,701465912147361792
797,751431918084820996,760079403711885312
798,751431918084820996,2400631471
799,751431918084820996,97916717
800,751431918084820996,3204187947
801,751431918084820996,99147325
802,751431918084820996,4330144943
803,751431918084820996,722520904538923008
804,751431918084820996,95522664
805,751431918084820996,2842609901
806,751431918084820996,3315831155
807,751431918084820996,481204190
808,751431918084820996,22786802
809,751431918084820996,1537355581
810,1455485081594777612,16688184
811,1455485081594777612,1601240370779721728
812,1455485081594777612,1478453418595344390
813,1455485081594777612,1264563992200122368
814,1455485081594777612,1571790556711325697
815,1455485081594777612,1648029536
816,1455485081594777612,1557652334175453184
817,1455485081594777612,1356236442729668610
818,1455485081594777612,1021075791751327745
819,1455485081594777612,1565945184742957057
820,1455485081594777612,1349345358527262723
821,1455485081594777612,258933782
822,1455485081594777612,247846173
823,1455485081594777612,1219938792360103936
824,1455485081594777612,1387718094575964164
825,1455485081594777612,1394360545051123718
826,1455485081594777612,4366796355
827,1455485081594777612,1152273991803056131
828,1455485081594777612,1557287789930086401
829,1455485081594777612,1465813708945477638
830,1455485081594777612,1521782162638491648
831,1455485081594777612,304559068
832,1455485081594777612,1411754137239408643
833,1455485081594777612,53188546
834,1455485081594777612,1657761703
835,1455485081594777612,1079815171512696833
836,1455485081594777612,1522313256366493697
837,1455485081594777612,2291403106
838,1455485081594777612,2326458924
839,1455485081594777612,1534900538369785857
840,1455485081594777612,292228656
841,1455485081594777612,1229048004574883842
842,1455485081594777612,1535974671413387265
843,1455485081594777612,986310257336045574
844,1455485081594777612,2522775577
845,1455485081594777612,1363762926
846,1455485081594777612,1277272138005852161
847,1455485081594777612,423923914
848,1455485081594777612,354475720
849,1455485081594777612,1380782592266502147
850,1455485081594777612,24289870
851,1455485081594777612,1429832566346063879
852,1455485081594777612,3288999870
853,1455485081594777612,4829868215
854,1455485081594777612,474282989
855,1455485081594777612,2731311784
856,1455485081594777612,834127074898096128
857,1455485081594777612,2544773807
858,1455485081594777612,1230489279614324736
859,1455485081594777612,1493938478316404736
860,1455485081594777612,520215432
861,1455485081594777612,1145834305685512192
862,1455485081594777612,1344296041668087810
863,1455485081594777612,1508511798529609730
864,1455485081594777612,2228548397
865,1455485081594777612,262093107
866,1455485081594777612,1434580268812226561
867,1455485081594777612,754013831643398144
868,1455485081594777612,1149228150418739201
869,1455485081594777612,1259076423144398848
870,1455485081594777612,1275433639254339590
871,1455485081594777612,1501576113641955332
872,1455485081594777612,1185885902448549890
873,1455485081594777612,1310377729
874,1455485081594777612,1656073075
875,1455485081594777612,1329484143059734533
876,1455485081594777612,966716015987056642
877,1455485081594777612,2391507291
878,1455485081594777612,3201094797
879,1455485081594777612,1075285548414193664
880,1455485081594777612,1413892188975648768
881,1455485081594777612,755926926
882,1455485081594777612,1490313193763360768
883,1455485081594777612,25524180
884,1455485081594777612,63011561
885,1455485081594777612,1289570570649112580
886,1455485081594777612,721715424
887,1455485081594777612,272141278
888,1455485081594777612,717978949
889,1455485081594777612,1160369303436136448
890,1455485081594777612,349082197
891,1455485081594777612,1432037471752163339
892,1455485081594777612,701374609
893,1455485081594777612,1426179694362251265
894,1455485081594777612,22122723
895,1455485081594777612,1038781782664114176
896,1455485081594777612,122764311
897,1455485081594777612,1326920596987535362
898,1455485081594777612,143569342
899,1455485081594777612,1407692329251651587
900,1455485081594777612,851787545432272898
901,1455485081594777612,1478688470826635266
902,1455485081594777612,55850661
903,1455485081594777612,2179911112
904,1455485081594777612,1396472260031025158
905,1455485081594777612,1903916654
906,1455485081594777612,81327251
907,1455485081594777612,509896962
908,1455485081594777612,1475846776305467392
909,1455485081594777612,2202426699
910,1455485081594777612,461500907
911,1455485081594777612,1222246868773675009
912,1455485081594777612,443694788
913,1455485081594777612,30923412
914,1455485081594777612,465769367
915,1455485081594777612,1704609223
916,1455485081594777612,77990769
917,1455485081594777612,1203602961248722944
918,1455485081594777612,18938604
919,1455485081594777612,3207059129
920,1455485081594777612,987605427184599040
921,1455485081594777612,1010151448049569793
922,1455485081594777612,306459622
923,1455485081594777612,1343958941072576514
924,1455485081594777612,245479510
925,1455485081594777612,1155445832558288897
926,1455485081594777612,1019642542818758656
927,1455485081594777612,354931551
928,1455485081594777612,1428471904164253699
929,1455485081594777612,304480756
930,1455485081594777612,1428819496018628620
931,1455485081594777612,820258025311260672
932,1455485081594777612,1275603415
933,1455485081594777612,1429827153533734916
934,1455485081594777612,248386169
935,1455485081594777612,1226209500
936,1455485081594777612,1021080519033966592
937,1455485081594777612,1239205217545019392
938,1455485081594777612,499750275
939,1455485081594777612,50780800
940,1455485081594777612,2917188431
941,1455485081594777612,1467979243007225864
942,1455485081594777612,1346107026615771137
943,1455485081594777612,137162790
944,1455485081594777612,53706209
945,1455485081594777612,309850715
946,1455485081594777612,1454387280425197573
947,1455485081594777612,2176866343
948,1455485081594777612,1241757224151769089
949,1455485081594777612,762245419
950,1455485081594777612,542809387
951,1455485081594777612,1286775668345319425
952,1455485081594777612,1132360897471668224
953,1455485081594777612,1386943867660996608
954,1455485081594777612,940694267177168896
955,1455485081594777612,236968407
956,1455485081594777612,1296085210342227968
957,1455485081594777612,381696897
958,1455485081594777612,610841580
959,1455485081594777612,356388152
960,1455485081594777612,1129532554644787205
961,1455485081594777612,1390177885416300545
962,1455485081594777612,410541092
963,1455485081594777612,1211562705242349568
964,1455485081594777612,966035918992936960
965,1455485081594777612,1058699424
966,1455485081594777612,4745608283
967,1455485081594777612,1116517442879016960
968,1455485081594777612,92571577
969,1455485081594777612,1389264663934873604
970,1455485081594777612,2864292563
971,1455485081594777612,2971924743
972,1455485081594777612,848591393886949376
973,1455485081594777612,1292540844709482496
974,1455485081594777612,4712108057
975,1455485081594777612,255062142
976,1455485081594777612,326864277
977,1455485081594777612,247436406
978,1455485081594777612,3733281017
979,1455485081594777612,1341506376561025027
980,1455485081594777612,1403779943142670336
981,1455485081594777612,112374962
982,1455485081594777612,1093527091063259138
983,1455485081594777612,562049388
984,1455485081594777612,1403752144503705606
985,1455485081594777612,358224719
986,1455485081594777612,380923967
987,1455485081594777612,1208843838640578565
988,1455485081594777612,2168444796
989,1455485081594777612,46096738
990,1455485081594777612,1429850672
991,1455485081594777612,111421663
992,1455485081594777612,1175825466785239045
993,1455485081594777612,2373069665
994,1455485081594777612,1238877786678444033
995,1455485081594777612,599992465
996,1455485081594777612,65888763
997,1455485081594777612,2909995840
998,1455485081594777612,1340310769020375040
999,1455485081594777612,1883051078
1000,1455485081594777612,3402507587
1001,1455485081594777612,1243893319605813248
1002,1455485081594777612,1463285559271378947
1003,1455485081594777612,337236738
1004,1455485081594777612,1327991382791909376
1005,1455485081594777612,2741036098
1006,1455485081594777612,384574994
1007,1455485081594777612,1173997702541168640
1008,1455485081594777612,1468215688074391553
1009,1455485081594777612,899217771166396416
1010,1455485081594777612,774544320829403136
1011,1455485081594777612,2500560315
1012,1455485081594777612,965653414280617984
1013,1455485081594777612,800278006367326208
1014,1455485081594777612,2363079821
1015,1455485081594777612,433214565
1016,1455485081594777612,1211325230
1017,1455485081594777612,1320721985186516998
1018,1455485081594777612,185198684
1019,1455485081594777612,307008842
1020,1455485081594777612,93233409
1021,1455485081594777612,942177549098070016
1022,1455485081594777612,1398584950866296833
1023,1455485081594777612,1107358529738829824
1024,1455485081594777612,15522690
1025,1455485081594777612,1103374823533826048
1026,1455485081594777612,389010804
1027,1455485081594777612,2284567162
1028,1455485081594777612,211653945
1029,1455485081594777612,1398708863927472134
1030,1455485081594777612,1082907674323210241
1031,1455485081594777612,915635008488001536
1032,1455485081594777612,1073883334877609984
1033,1455485081594777612,1017135802902630403
1034,1455485081594777612,401978561
1035,1455485081594777612,985410066374365185
1036,1455485081594777612,2444007915
1037,1455485081594777612,854060925044838400
1038,1455485081594777612,621120527
1039,1455485081594777612,84679848
1040,1455485081594777612,1234728754733363200
1041,1455485081594777612,1161516543819354112
1042,1455485081594777612,2403402695
1043,1455485081594777612,113465940
1044,1455485081594777612,259237066
1045,1455485081594777612,20283802
1046,1455485081594777612,1406692306644836355
1047,1455485081594777612,1234441999199227905
1048,1455485081594777612,1054715740992032769
1049,1455485081594777612,3591830955
1050,1444768247786745861,1951228699
1051,1382753039426158598,1951228699
1052,1382753039426158598,352612489
1053,1432037471752163339,526439855
1054,1428819496018628620,526439855
1055,1578840952675893251,1656073075
1056,1578840952675893251,526439855
1057,1344358131682443266,1656073075
1058,1344358131682443266,526439855
1059,1344134110831378436,69098454
1060,1344134110831378436,284443848
1061,1262439880233189380,352612489
1062,1262439880233189380,258719968
1063,444989456,352612489
1064,2522775577,1656073075
1065,2522775577,526439855
1066,4712108057,526439855
1067,486975513,1951228699
1068,486975513,352612489
1069,21606534,352612489
1070,21606534,258719968
1071,137162790,526439855
1072,2176866343,526439855
1073,88901678,352612489
1074,88901678,479333563
1075,2496761904,50942398
1076,146182194,1951228699
1077,146182194,352612489
1078,146182194,258719968
1079,19347517,352612489
1080,19347517,479333563
1081,380923967,526439855
1082,2715353151,284443848
1083,1166967834452398081,352612489
1084,242081857,352612489
1085,1262248004,1951228699
1086,1262248004,352612489
1087,811596792018178048,526439855
1088,811596792018178048,3375753083
1089,712565254392320000,526439855
1090,712565254392320000,956236592
1091,753318347052355584,1951228699
1092,753318347052355584,352612489
1093,757879605646790656,1951228699
1094,718485445173252096,1951228699
1095,718485445173252096,352612489
1096,842344138708291584,1951228699
1097,521236560,352612489
1098,878736209631117312,352612489
1099,245479510,176933556
1100,494282838,1951228699
1101,494282838,479333563
1102,1011869785,1656073075
1103,1011869785,526439855
1104,185198684,526439855
1105,2469859425,479333563
1106,2469859425,481204190
1107,1537300579,1951228699
1108,1537300579,352612489
1109,1537300579,479333563
1110,1386813541,50942398
1111,1386813541,2348853575
1112,2511181932,1951228699
1113,126984307,69098454
1114,126984307,284443848
1115,776284279,1951228699
1116,776284279,258719968
1117,255062142,526439855
1118,1601240370779721728,1656073075
1119,1601240370779721728,526439855
1120,776304856046964736,2310444360
1121,776304856046964736,218570559
1122,776304856046964736,74119564
1123,776304856046964736,870126432
1124,776304856046964736,999281615510691840
1125,776304856046964736,730889624
1126,776304856046964736,920616112966000640
1127,776304856046964736,2894707270
1128,776304856046964736,905793678870020096
1129,776304856046964736,793840169849729024
1130,776304856046964736,709349933422419968
1131,776304856046964736,396590057
1132,776304856046964736,887640046823759872
1133,776304856046964736,2598066360
1134,776304856046964736,251495179
1135,776304856046964736,1197242587
1136,776304856046964736,701700948
1137,776304856046964736,29078703
1138,776304856046964736,730048403107885056
1139,776304856046964736,2497378959
1140,1518959528661946368,1951228699
1141,707187389266071552,1951228699
1142,707187389266071552,258719968
1143,1160369303436136448,526439855
1144,707762592262000641,1951228699
1145,1386943867660996608,526439855
1146,1340310769020375040,1656073075
1147,352612489,825458278696177670
1148,352612489,1554088182672760832
1149,352612489,1531567803332952064
1150,352612489,1551981905553240065
1151,352612489,1583346537463169025
1152,352612489,227806035
1153,352612489,1040070581117280257
1154,352612489,1556949827874865152
1155,352612489,1033720259977596929
1156,352612489,84690697
1157,352612489,1303044427812925440
1158,352612489,2585800272
1159,352612489,1324264836348477441
1160,352612489,1333609751134023680
1161,352612489,3955876005
1162,352612489,1519957361309462528
1163,352612489,282222513
1164,352612489,1466525450725998596
1165,352612489,1507413365680971786
1166,352612489,880458520763748352
1167,352612489,1487161134251708419
1168,352612489,1491120490571874305
1169,352612489,1493338024029171719
1170,352612489,158120484
1171,352612489,1445614926605680651
1172,352612489,1462097848204464130
1173,352612489,319316439
1174,352612489,4284328757
1175,352612489,200512696
1176,352612489,1074125773215289344
1177,352612489,1195624967347605504
1178,352612489,1590706502
1179,352612489,1217754338837323776
1180,352612489,1415927503403765762
1181,352612489,1424853967348158470
1182,352612489,1407995174500941830
1183,352612489,900296286460674049
1184,352612489,886489874102177792
1185,352612489,1375461256140705798
1186,352612489,1293497746343759872
1187,352612489,2879323313
1188,352612489,222462730
1189,352612489,110223203
1190,352612489,1005907163993329664
1191,352612489,309900842
1192,352612489,325424510
1193,352612489,1357984170836963333
1194,352612489,901434860
1195,352612489,281432880
1196,352612489,2883134725
1197,352612489,2319103570
1198,352612489,3326332575
1199,352612489,2286771903
1200,352612489,1016798509
1201,352612489,422949392
1202,352612489,51822006
1203,352612489,470371307
1204,352612489,1331672565971087360
1205,352612489,1039253199805407233
1206,352612489,1466497328
1207,352612489,311686044
1208,352612489,1662886908
1209,352612489,3987919475
1210,352612489,921695166746030080
1211,352612489,19881731
1212,352612489,4218509865
1213,352612489,211468094
1214,352612489,287197483
1215,352612489,2172495666
1216,352612489,1047843532898295808
1217,352612489,127526259
1218,352612489,3065590516
1219,352612489,1194279814158520320
1220,352612489,2962333241
1221,352612489,1030810422289547264
1222,352612489,1172154627816591360
1223,352612489,1036670850362220544
1224,352612489,422816485
1225,352612489,3532572082
1226,352612489,2204646321
1227,352612489,1227501394183229440
1228,352612489,1252229328772820997
1229,352612489,1296386166162427904
1230,352612489,21651675
1231,352612489,1374464363747102720
1232,352612489,44206000
1233,352612489,1269702521104277505
1234,352612489,1355034809656074243
1235,352612489,61167235
1236,352612489,636820016
1237,352612489,1322313033255952384
1238,352612489,1244643894333243392
1239,352612489,588386608
1240,352612489,393580147
1241,352612489,2346428717
1242,352612489,2942264380
1243,352612489,2744444752
1244,352612489,28303094
1245,352612489,1186668453521952768
1246,352612489,3021687670
1247,352612489,751718185494249472
1248,352612489,3375753083
1249,352612489,1212827859783315456
1250,352612489,841727939288932352
1251,352612489,1194213930954100737
1252,352612489,1126466788055818240
1253,352612489,1174386494255091713
1254,352612489,628365320
1255,352612489,23484075
1256,352612489,248186376
1257,352612489,48288407
1258,352612489,1181508591733411840
1259,352612489,1220282367518093312
1260,352612489,253071056
1261,352612489,2298977992
1262,352612489,760099332330758144
1263,352612489,1158445861082402816
1264,352612489,117363558
1265,352612489,1183405153778622465
1266,352612489,1181873306183454720
1267,352612489,49961235
1268,352612489,820049263694581760
1269,352612489,167359564
1270,352612489,332780034
1271,352612489,1247398322
1272,352612489,1035117251517657088
1273,352612489,773468567509565440
1274,352612489,861536580263174145
1275,352612489,404053490
1276,352612489,2769884363
1277,352612489,2680922327
1278,352612489,240200763
1279,352612489,1129333897194606592
1280,352612489,389542952
1281,352612489,991057548131405830
1282,352612489,2261017097
1283,352612489,1109123875760209921
1284,352612489,126067830
1285,352612489,1066772625517613056
1286,352612489,735616718
1287,352612489,50326689
1288,352612489,2992162597
1289,352612489,1087330098796290049
1290,352612489,242605191
1291,352612489,1087722334092443648
1292,352612489,2552082624
1293,352612489,384275169
1294,352612489,3296474356
1295,352612489,2765009549
1296,352612489,1029036187393122305
1297,352612489,3256791239
1298,352612489,2738311809
1299,352612489,413080798
1300,352612489,922888460586897409
1301,352612489,1062365915860348930
1302,352612489,22537537
1303,352612489,215727295
1304,352612489,928924037102829568
1305,352612489,614669580
1306,352612489,160496978
1307,352612489,91400345
1308,352612489,719454370
1309,352612489,1053943041789112321
1310,352612489,3491969657
1311,352612489,1225521458
1312,352612489,55585752
1313,352612489,430862492
1314,352612489,4704898158
1315,352612489,1043419661973573633
1316,352612489,1089260653
1317,352612489,223608058
1318,352612489,177582828
1319,352612489,845912533
1320,352612489,444991363
1321,352612489,492611810
1322,352612489,321863123
1323,352612489,198516911
1324,352612489,460093671
1325,352612489,64187070
1326,352612489,722150195518119936
1327,352612489,64205859
1328,352612489,124139886
1329,352612489,42191852
1330,352612489,773241990926442496
1331,352612489,2650767223
1332,352612489,2743598255
1333,352612489,156773134
1334,352612489,245465334
1335,352612489,636097016
1336,352612489,974942348856758272
1337,352612489,348523357
1338,352612489,372879881
1339,352612489,537155727
1340,352612489,98173538
1341,352612489,3236284022
1342,352612489,374486194
1343,352612489,939978044
1344,352612489,134126993
1345,352612489,100734811
1346,352612489,182067071
1347,352612489,860023328454692865
1348,352612489,3010130127
1349,352612489,1035273262945718272
1350,352612489,1358864953
1351,352612489,183261723
1352,352612489,566262984
1353,352612489,221905987
1354,352612489,217176736
1355,352612489,973152183851118592
1356,352612489,873730782
1357,352612489,982887756350263297
1358,352612489,946009220528427008
1359,352612489,297908987
1360,352612489,3056226615
1361,352612489,311153753
1362,352612489,228297250
1363,352612489,914990024768331777
1364,352612489,1923091110
1365,352612489,935983171895808000
1366,352612489,861679161936670721
1367,352612489,4375397806
1368,352612489,1071110862
1369,352612489,320327461
1370,352612489,1588414026
1371,352612489,4352271675
1372,352612489,179104324
1373,352612489,795980609688653824
1374,352612489,2192596446
1375,352612489,926763834039140353
1376,352612489,1028077706
1377,352612489,303577660
1378,352612489,106877117
1379,352612489,396439437
1380,352612489,198914357
1381,352612489,288723855
1382,352612489,2688043420
1383,352612489,509095286
1384,352612489,49768153
1385,352612489,824019530
1386,352612489,2872757056
1387,352612489,154093915
1388,352612489,752823000832045056
1389,352612489,448188825
1390,352612489,469917330
1391,352612489,856254900224892928
1392,352612489,1405353690
1393,352612489,46509382
1394,352612489,488687420
1395,352612489,14048104
1396,352612489,300473414
1397,352612489,2289411297
1398,352612489,387834778
1399,352612489,3348667228
1400,352612489,146762599
1401,352612489,2478335020
1402,352612489,467366319
1403,352612489,225505003
1404,352612489,860941496400441346
1405,352612489,480335456
1406,352612489,2210522955
1407,352612489,352590775
1408,352612489,20160943
1409,352612489,861619422
1410,352612489,303684841
1411,352612489,481204190
1412,352612489,38745065
1413,352612489,633240011
1414,352612489,3764320943
1415,352612489,104490183
1416,352612489,414586047
1417,352612489,45288232
1418,352612489,489649541
1419,352612489,865626247694499840
1420,352612489,2492805732
1421,352612489,1567653294
1422,352612489,81341599
1423,352612489,429752990
1424,352612489,4126048577
1425,352612489,3298590199
1426,352612489,589158118
1427,352612489,796563002
1428,352612489,179944945
1429,352612489,2727068670
1430,352612489,155259177
1431,352612489,217388247
1432,352612489,375687173
1433,352612489,492146637
1434,352612489,57067020
1435,352612489,174821757
1436,352612489,1071636492
1437,352612489,750437171883024384
1438,352612489,44900825
1439,352612489,55215772
1440,352612489,4707318681
1441,352612489,89664475
1442,352612489,3147508395
1443,352612489,1571259714
1444,352612489,47341423
1445,352612489,2827942301
1446,352612489,2909119414
1447,352612489,59402824
1448,352612489,1103924058
1449,352612489,2383750502
1450,352612489,1683181554
1451,352612489,102700416
1452,352612489,231583734
1453,352612489,198836140
1454,800278006367326208,526439855
1455,1344296041668087810,526439855
1456,730130816479662081,18896884
1457,1462097848204464130,1951228699
1458,792312864182767617,1951228699
1459,537155727,1951228699
1460,1428471904164253699,526439855
1461,701374609,526439855
1462,599992465,526439855
1463,1487161134251708419,1951228699
1464,1387718094575964164,526439855
1465,1429827153533734916,526439855
1466,1371218366384508931,479333563
1467,91400345,1951228699
1468,1329484143059734533,526439855
1469,430862492,1951228699
1470,430862492,479333563
1471,1396472260031025158,526439855
1472,1058699424,1656073075
1473,1403752144503705606,526439855
1474,719454370,1951228699
1475,3955876005,1951228699
1476,15210670,526439855
1477,15210670,479333563
1478,81053871,1951228699
1479,81053871,479333563
1480,5548212,526439855
1481,5548212,481204190
1482,4829868215,526439855
1483,1396927342317015051,1951228699
1484,106877117,1951228699
1485,965653414280617984,526439855
1486,921698434645680128,526439855
1487,921698434645680128,956236592
1488,2552082624,1951228699
1489,242423809,1951228699
1490,3256791239,1951228699
1491,76583112,526439855
1492,76583112,479333563
1493,423923914,526439855
1494,3010130127,1951228699
1495,1216289117354516481,1951228699
1496,21651675,1951228699
1497,1226209500,1656073075
1498,111421663,526439855
1499,258719968,992111336753647616
1500,258719968,1382186324
1501,258719968,803265169040216064
1502,258719968,846433198263427076
1503,258719968,136396429
1504,258719968,758025083948589056
1505,258719968,359843341
1506,258719968,270447739
1507,258719968,1153780062
1508,258719968,376160781
1509,258719968,1571259714
1510,258719968,979227127
1511,258719968,311153753
1512,721715424,526439855
1513,230758626,1951228699
1514,22122723,1656073075
1515,22122723,526439855
1516,775024717191319552,2348853575
1517,712085738,50942398
1518,712085738,2348853575
1519,88168692,50942398
1520,88168692,2348853575
1521,245465334,1951228699
1522,3733281017,526439855
1523,89032955,1656073075
1524,89032955,526439855
1525,93233409,526439855
1526,509896962,526439855
1527,743062965797199872,18896884
1528,743062965797199872,3375753083
1529,797449189143748608,1951228699
1530,797449189143748608,479333563
1531,722150195518119936,1951228699
1532,1346107026615771137,526439855
1533,771267229048446977,1951228699
1534,2971924743,526439855
1535,807250549867421696,1951228699
1536,1053943041789112321,479333563
1537,1406692306644836355,526439855
1538,49961235,479333563
1539,1501576113641955332,526439855
1540,3086381334,1951228699
1541,1068258546729607169,50942398
1542,1068258546729607169,2348853575
1543,1454387280425197573,1656073075
1544,3253539107,479333563
1545,155259177,1951228699
1546,762245419,526439855
1547,287197483,1951228699
1548,2346428717,479333563
1549,1466497328,1951228699
1550,588386608,1951228699
1551,262093107,526439855
1552,1507413365680971786,1951228699
1553,198914357,1951228699
1554,1225521458,479333563
1555,3056226615,479333563
1556,1590706502,1951228699
1557,2348853575,1159540664109023233
1558,2348853575,41702018
1559,2348853575,2902675450
1560,2348853575,3354790809
1561,2348853575,881253316784791553
1562,2348853575,912417265425043456
1563,2348853575,97893626
1564,2348853575,2162357530
1565,2348853575,1085472432062955520
1566,2348853575,700615001
1567,2348853575,61167235
1568,2348853575,2424097747
1569,2348853575,405554207
1570,14897481,1951228699
1571,1286775668345319425,526439855
1572,1239872424050601985,18896884
1573,1239872424050601985,526439855
1574,928924037102829568,1951228699
1575,700615001,50942398
1576,2391507291,526439855
1577,154093915,1951228699
1578,1153780062,479333563
1579,2291403106,526439855
1580,46096738,526439855
1581,1062365915860348930,479333563
1582,3262065003,1951228699
1583,562049388,526439855
1584,124139886,1951228699
1585,1921034604,479333563
1586,239796602,1656073075
1587,239796602,526439855
1588,174821757,1951228699
1589,834127074898096128,526439855
1590,774544320829403136,526439855
1591,789946758,69098454
1592,789946758,284443848
1593,1363853596522131457,176933556
1594,730048403107885056,176933556
1595,2939814281,526439855
1596,1513782324940451842,1951228699
1597,1495393253969047554,1951228699
1598,221874579,1951228699
1599,1389264663934873604,1656073075
1600,1389264663934873604,526439855
1601,448188825,1951228699
1602,20283802,526439855
1603,1357984170836963333,1951228699
1604,222187932,1656073075
1605,222187932,526439855
1606,2688043420,1951228699
1607,2827942301,479333563
1608,475054491,479333563
1609,1270938368986296322,1656073075
1610,1270938368986296322,526439855
1611,1022957275630252034,1951228699
1612,1508460645343244296,127261664
1613,1508460645343244296,481204190
1614,105243055,1951228699
1615,20160943,1951228699
1616,467366319,479333563
1617,1247398322,1951228699
1618,2991651261,1951228699
1619,50942398,2424097747
1620,50942398,784959488
1621,50942398,3354790809
1622,50942398,1085472432062955520
1623,50942398,97893626
1624,50942398,405554207
1625,50942398,2162357530
1626,50942398,881253316784791553
1627,50942398,912417265425043456
1628,50942398,29471238
1629,143569342,526439855
1630,236138943,1951228699
1631,633240011,479333563
1632,1275603415,526439855
1633,236968407,526439855
1634,44900825,1951228699
1635,2885462489,479333563
1636,820049263694581760,479333563
1637,710707680,1951228699
1638,770724116743815168,1951228699
1639,757495753082372096,479333563
1640,101020138,1951228699
1641,2444007915,526439855
1642,304480756,1656073075
1643,61155830,82709444
1644,979227127,1951228699
1645,636097016,1951228699
1646,65888763,1656073075
1647,1411574269,481204190
1648,113324544,526439855
1649,113324544,479333563
1650,1493938478316404736,526439855
1651,1403779943142670336,526439855
1652,1556949827874865152,1951228699
1653,332780034,1951228699
1654,1534900538369785857,526439855
1655,1238877786678444033,526439855
1656,1583346537463169025,1951228699
1657,372879881,1951228699
1658,1412436782436728834,1951228699
1659,2261017097,479333563
1660,376160781,1951228699
1661,152353292,127261664
1662,152353292,481204190
1663,1253173568957005827,1951228699
1664,1407692329251651587,526439855
1665,718299668,1951228699
1666,2727068670,1951228699
1667,183261723,1951228699
1668,3144653346,1951228699
1669,228297250,1951228699
1670,158120484,479333563
1671,4218509865,1951228699
1672,2326458924,526439855
1673,2758212142,1656073075
1674,2758212142,18896884
1675,1429850672,526439855
1676,636820016,1951228699
1677,478988856,1656073075
1678,478988856,526439855
1679,1358864953,479333563
1680,1933042237,526439855
1681,1933042237,479333563
1682,600394301,1951228699
1683,179104324,479333563
1684,24289870,526439855
1685,381491791,479333563
1686,113465940,1656073075
1687,113465940,526439855
1688,349082197,526439855
1689,288481878,1951228699
1690,822882075682492416,1951228699
1691,309850715,526439855
1692,2756026973,69098454
1693,2756026973,526439855
1694,803265169040216064,1951228699
1695,2902675450,526439855
1696,98173538,479333563
1697,2492805732,1951228699
1698,2492805732,479333563
1699,1227832661785399297,1656073075
1700,1227832661785399297,526439855
1701,268737141,479333563
1702,3987919475,1951228699
1703,403991161,1951228699
1704,248386169,526439855
1705,2284567162,526439855
1706,50780800,526439855
1707,820258025311260672,526439855
1708,1021080519033966592,526439855
1709,1374464363747102720,1951228699
1710,1173997702541168640,526439855
1711,747559554,1656073075
1712,747559554,18896884
1713,1434580268812226561,1656073075
1714,1434580268812226561,526439855
1715,1426179694362251265,526439855
1716,1010151448049569793,526439855
1717,860023328454692865,1951228699
1718,1478688470826635266,526439855
1719,1343958941072576514,1656073075
1720,1082907674323210241,526439855
1721,1463285559271378947,526439855
1722,1415927503403765762,1951228699
1723,1355194017202524162,1951228699
1724,750437171883024384,1951228699
1725,30923412,1656073075
1726,760099332330758144,479333563
1727,429752990,479333563
1728,1320721985186516998,526439855
1729,1398708863927472134,1656073075
1730,1375461256140705798,1951228699
1731,4492303007,479333563
1732,4856677030,1951228699
1733,1923091110,1951228699
1734,2731311784,526439855
1735,202134184,3375753083
1736,202134184,481204190
1737,3147508395,479333563
1738,987544237,1951228699
1739,987544237,479333563
1740,2544773807,526439855
1741,194122418,479333563
1742,176933556,1657761703
1743,176933556,24378502
1744,176933556,1109761074251866112
1745,176933556,1276141834880913413
1746,176933556,467885779
1747,176933556,486084508
1748,176933556,870126432
1749,176933556,414603074
1750,136396429,479333563
1751,3212643651,481204190
1752,1325642430,1951228699
1753,1071110862,1951228699
1754,1322313033255952384,479333563
1755,2864292563,526439855
1756,17881816,526439855
1757,17881816,479333563
1758,702118617,1951228699
1759,702118617,479333563
1760,873730782,1951228699
1761,384275169,1951228699
1762,422816485,1951228699
1763,63011561,526439855
1764,53598959,1951228699
1765,3065590516,1951228699
1766,297908987,1951228699
1767,1291302591184461824,69098454
1768,1291302591184461824,284443848
1769,1145834305685512192,526439855
1770,1259076423144398848,526439855
1771,1132360897471668224,526439855
1772,337236738,526439855
1773,1565945184742957057,526439855
1774,1433725267193782273,1951228699
1775,1241757224151769089,526439855
1776,31351557,18896884
1777,31351557,526439855
1778,487875329,526439855
1779,487875329,479333563
1780,1356236442729668610,526439855
1781,1326920596987535362,526439855
1782,1040070581117280257,1951228699
1783,1249667499043545089,1951228699
1784,1254832465593720833,1951228699
1785,1341506376561025027,526439855
1786,156773134,1951228699
1787,222462730,1951228699
1788,1208843838640578565,526439855
1789,1951228699,270447739
1790,1951228699,1619776166222614531
1791,1951228699,1554088182672760832
1792,1951228699,2289411297
1793,1951228699,127647252
1794,1951228699,1087330098796290049
1795,1951228699,1150499232937336833
1796,1951228699,597326957
1797,1951228699,566262984
1798,1951228699,480335456
1799,1951228699,2872757056
1800,1951228699,46153088
1801,1951228699,1501129203969716226
1802,1951228699,872712980252823553
1803,1951228699,1194279814158520320
1804,1951228699,43807600
1805,1951228699,1526289195932823560
1806,1951228699,1212827859783315456
1807,1951228699,3255514641
1808,1951228699,1979578376
1809,1951228699,1052960041496645632
1810,1951228699,16316345
1811,1951228699,1039253199805407233
1812,1951228699,488687420
1813,1951228699,325424510
1814,1951228699,1306959917178331136
1815,1951228699,748419969524719616
1816,1951228699,469503555
1817,1951228699,338968199
1818,1951228699,353278974
1819,1951228699,305214918
1820,1951228699,2478335020
1821,1951228699,1035117251517657088
1822,1951228699,2172495666
1823,1951228699,1319662734795997185
1824,1951228699,86729655
1825,1951228699,211468094
1826,1951228699,3326332575
1827,1951228699,980177958722850818
1828,1951228699,240200763
1829,1951228699,472185954
1830,1951228699,939978044
1831,1951228699,1016798509
1832,1951228699,1405353690
1833,1951228699,389140227
1834,1951228699,2743598255
1835,1951228699,1493338024029171719
1836,1951228699,866254371029479424
1837,1951228699,227806035
1838,1951228699,1036670850362220544
1839,1951228699,492146637
1840,1951228699,350432048
1841,1951228699,107652070
1842,1951228699,2909119414
1843,1951228699,2942264380
1844,1951228699,570721702
1845,1951228699,981195529190219776
1846,1951228699,2518328428
1847,1951228699,341735052
1848,1951228699,1588414026
1849,1951228699,1071636492
1850,1951228699,1172184149467246593
1851,1951228699,1230755689259122688
1852,1951228699,1074125773215289344
1853,1951228699,3070239729
1854,1951228699,1445614926605680651
1855,1951228699,200512696
1856,1951228699,1283419344
1857,1951228699,735616718
1858,1951228699,1150958474
1859,1951228699,2204646321
1860,1951228699,185150387
1861,1951228699,1542769999
1862,1951228699,2879323313
1863,1951228699,1351672365307092992
1864,1951228699,1109123875760209921
1865,1951228699,49768153
1866,1951228699,346836775
1867,1951228699,227699888
1868,1951228699,234292511
1869,1951228699,393580147
1870,1951228699,167126966
1871,1951228699,215727295
1872,1951228699,281213860
1873,1951228699,1050825898839207937
1874,1951228699,982887756350263297
1875,1951228699,22537537
1876,1951228699,320327461
1877,1951228699,1244966128880881664
1878,1951228699,1683181554
1879,1951228699,4704898158
1880,1951228699,231583734
1881,1951228699,981978698005057536
1882,1951228699,389542952
1883,1951228699,375687173
1884,1951228699,1087722334092443648
1885,1951228699,1382186324
1886,1951228699,1089260653
1887,1951228699,321863123
1888,1951228699,4352271675
1889,1951228699,3296474356
1890,1951228699,922888460586897409
1891,1951228699,281432880
1892,1951228699,134126993
1893,1951228699,48910294
1894,1951228699,309900842
1895,1951228699,459740481
1896,1951228699,926763834039140353
1897,1951228699,162078071
1898,1951228699,387834778
1899,1951228699,125282089
1900,1951228699,4201505907
1901,1951228699,122729919
1902,1951228699,982404613
1903,1951228699,2585800272
1904,1951228699,836042191
1905,1951228699,752823000832045056
1906,1951228699,2298977992
1907,1951228699,359843341
1908,1951228699,4884522202
1909,1951228699,182067071
1910,1951228699,104490183
1911,1951228699,300473414
1912,1951228699,1200745616
1913,1951228699,221905987
1914,1951228699,614669580
1915,1951228699,2738311809
1916,1951228699,469917330
1917,1951228699,100734811
1918,1951228699,901434860
1919,1951228699,178009651
1920,1951228699,1688755038
1921,1951228699,56652841
1922,1951228699,55516160
1923,1951228699,1441977516
1924,1951228699,89664475
1925,1951228699,2433497923
1926,1951228699,342037286
1927,1951228699,225505003
1928,1951228699,55901387
1929,1951228699,288723855
1930,1951228699,374486194
1931,1951228699,177870238
1932,1478453418595344390,526439855
1933,342037286,479333563
1934,2228548397,526439855
1935,1211325230,526439855
1936,350432048,479333563
1937,350432048,481204190
1938,2636421944,526439855
1939,141726525,18896884
1940,2909995840,1656073075
1941,2909995840,526439855
1942,1272828703630819328,1656073075
1943,1272828703630819328,526439855
1944,2917188431,526439855
1945,358224719,526439855
1946,1103924058,479333563
1947,3348667228,479333563
1948,348523357,479333563
1949,354931551,1656073075
1950,2373069665,526439855
1951,146762599,479333563
1952,72530798,479333563
1953,77990769,526439855
1954,1656073075,1549754885922594816
1955,1656073075,1490313193763360768
1956,1656073075,1281539765893058565
1957,1656073075,1475846776305467392
1958,1656073075,1222246868773675009
1959,1656073075,1557287789930086401
1960,1656073075,306459622
1961,1656073075,1557652334175453184
1962,1656073075,2194367518
1963,1656073075,765411008
1964,1656073075,1559548775374389249
1965,1656073075,1559236582816858112
1966,1656073075,1535974671413387265
1967,1656073075,272141278
1968,1656073075,152636553
1969,1656073075,31097945
1970,1656073075,1159540664109023233
1971,1656073075,356388152
1972,1656073075,1299007301647564800
1973,1656073075,237095910
1974,1656073075,55850661
1975,1656073075,1211562705242349568
1976,1656073075,915635008488001536
1977,1656073075,319554558
1978,1656073075,1019642542818758656
1979,1656073075,1292540844709482496
1980,1656073075,51815420
1981,1656073075,229984250
1982,1656073075,2168444796
1983,1656073075,3092129199
1984,3021687670,479333563
1985,1038781782664114176,526439855
1986,940694267177168896,526439855
1987,381696897,526439855
1988,1327991382791909376,526439855
1989,520215432,526439855
1990,1468215688074391553,526439855
1991,15522690,526439855
1992,288723855,479333563
1993,465769367,526439855
1994,26594220,127261664
1995,26594220,481204190
1996,86729655,479333563
1997,352590775,479333563
1998,2403402695,526439855
1999,801203845,479333563
2000,2223748046,479333563
2001,5514192,526439855
2002,5514192,479333563
2003,69098454,2914213804
2004,69098454,1299703012353617928
2005,69098454,20444134
2006,69098454,1049978412
2007,69098454,1534532729374752769
2008,69098454,1657761703
2009,69098454,1526599191820222464
2010,69098454,1139646318983426049
2011,69098454,285779921
2012,69098454,1118488453656797185
2013,69098454,165723196
2014,69098454,61987976
2015,304559068,526439855
2016,272141278,526439855
2017,127261664,2372648808
2018,127261664,481204190
2019,127261664,75603265
2020,20444134,284443848
2021,306459622,526439855
2022,237095910,526439855
2023,107652070,479333563
2024,38745065,479333563
2025,610841580,526439855
2026,474282989,526439855
2027,3070239729,479333563
2028,51815420,526439855
2029,319554558,526439855
2030,55516160,479333563
2031,1073883334877609984,526439855
2032,1079815171512696833,526439855
2033,1302190826689363968,526439855
2034,1299007301647564800,526439855
2035,1093527091063259138,526439855
2036,621120527,526439855
2037,1380782592266502147,526439855
2038,258933782,526439855
2039,122764311,526439855
2040,410541092,526439855
2041,1293497746343759872,3375753083
2042,102700416,479333563
2043,16688184,526439855
2044,240200763,479333563
2045,165723196,284443848
2046,159933501,479333563
2047,2741036098,526439855
2048,1883051078,526439855
2049,320459849,479333563
2050,167359564,479333563
2051,31097945,526439855
2052,4745608283,526439855
2053,433214565,526439855
2054,1292540844709482496,526439855
2055,1161516543819354112,526439855
2056,14855279,526439855
2057,1195624967347605504,479333563
2058,4201505907,479333563
2059,247436406,526439855
2060,1230489279614324736,526439855
2061,1149228150418739201,526439855
2062,61987976,284443848
2063,1571790556711325697,526439855
2064,966035918992936960,526439855
2065,985410066374365185,526439855
2066,3201094797,526439855
2067,2363079821,526439855
2068,152636553,526439855
2069,81327251,526439855
2070,1289570570649112580,526439855
2071,1129532554644787205,526439855
2072,1175825466785239045,526439855
2073,1276141834880913413,526439855
2074,1304416871010242565,479333563
2075,991057548131405830,479333563
2076,81341599,479333563
2077,84679848,526439855
2078,112374962,526439855
2079,1343845555,479333563
2080,1343845555,481204190
2081,479333563,212715051
2082,479333563,1230755689259122688
2083,479333563,2319175100
2084,479333563,1351672365307092992
2085,479333563,2170048456
2086,479333563,341735052
2087,479333563,1126466788055818240
2088,479333563,921695166746030080
2089,479333563,1183405153778622465
2090,479333563,1035273262945718272
2091,479333563,321863123
2092,479333563,796563002
2093,479333563,303684841
2094,479333563,982404613
2095,479333563,190906140
2096,479333563,751718185494249472
2097,479333563,88161496
2098,479333563,480335456
2099,479333563,3298590199
2100,479333563,23484075
2101,479333563,404153671
2102,479333563,2786959013
2103,479333563,413080798
2104,479333563,2383750502
2105,479333563,55215772
2106,479333563,2210522955
2107,479333563,456826445
2108,479333563,400524509
2109,479333563,481204190
2110,479333563,1016798509
2111,479333563,110223203
2112,479333563,467885779
2113,479333563,735616718
2114,479333563,589158118
2115,479333563,217388247
2116,479333563,253071056
2117,479333563,396439437
2118,479333563,57067020
2119,479333563,44206000
2120,479333563,24969865
2121,479333563,93386436
2122,479333563,509095286
2123,479333563,162078071
2124,479333563,178009651
2125,479333563,570721702
2126,479333563,179944945
2127,479333563,234292511
2128,479333563,125648284
2129,479333563,122729919
2130,479333563,125282089
2131,479333563,51822006
2132,479333563,28303094
2133,401978561,526439855
2134,284443848,1534532729374752769
2135,284443848,1118488453656797185
2136,284443848,1049978412
2137,284443848,285779921
2138,284443848,1139646318983426049
2139,284443848,1299703012353617928
2140,259237066,526439855
2141,400524509,526439855
2142,1203602961248722944,526439855
2143,1535974671413387265,526439855
2144,1222246868773675009,526439855
2145,1155445832558288897,526439855
2146,1097256923173396481,526439855
2147,1390177885416300545,526439855
2148,3295307024,526439855
2149,247846173,526439855
2150,1394360545051123718,526439855
2151,1429832566346063879,526439855
2152,802311463,3375753083
2153,802311463,481204190
2154,482835754,18896884
2155,542809387,526439855
2156,356388152,526439855
2157,211653945,526439855
2158,3402507587,526439855
2159,717978949,526439855
2160,307008842,526439855
2161,2202426699,526439855
2162,127526259,18896884
2163,389010804,526439855
2164,942177549098070016,526439855
2165,1234728754733363200,526439855
2166,499750275,526439855
2167,1277272138005852161,526439855
2168,987605427184599040,526439855
2169,1021075791751327745,526439855
2170,754013831643398144,526439855
2171,1152273991803056131,526439855
2172,1229048004574883842,526439855
2173,851787545432272898,526439855
2174,326864277,526439855
2175,1275433639254339590,526439855
2176,1559548775374389249,526439855
2177,1467979243007225864,526439855
2178,3591830955,526439855
2179,526439855,1522313256366493697
2180,526439855,1215390836936073217
2181,526439855,136611260
2182,526439855,1559236582816858112
2183,526439855,1657761703
2184,526439855,354475720
2185,526439855,1411754137239408643
2186,526439855,1465813708945477638
2187,526439855,1549754885922594816
2188,526439855,1490313193763360768
2189,526439855,3288999870
2190,526439855,1521782162638491648
2191,526439855,1413892188975648768
2192,526439855,1103374823533826048
2193,526439855,1508511798529609730
2194,526439855,1075285548414193664
2195,526439855,3207059129
2196,526439855,443694788
2197,526439855,4366796355
2198,526439855,966716015987056642
2199,526439855,1704609223
2200,526439855,1107358529738829824
2201,526439855,384574994
2202,526439855,1239205217545019392
2203,526439855,755926926
2204,526439855,1219938792360103936
2205,526439855,1398584950866296833
2206,526439855,25524180
2207,526439855,2179911112
2208,526439855,2500560315
2209,526439855,1349345358527262723
2210,526439855,1116517442879016960
2211,526439855,1648029536
2212,526439855,1243893319605813248
2213,526439855,1296085210342227968
2214,526439855,899217771166396416
2215,526439855,1211562705242349568
2216,526439855,229984250
2217,526439855,854060925044838400
2218,526439855,1234441999199227905
2219,526439855,92571577
2220,526439855,1185885902448549890
2221,526439855,292228656
2222,526439855,1310377729
2223,526439855,848591393886949376
2224,526439855,1054715740992032769
2225,526439855,1017135802902630403
2226,526439855,986310257336045574
2227,526439855,1363762926
2228,526439855,190906140
2229,526439855,3092129199
2230,526439855,2786959013
2231,526439855,1903916654
2232,526439855,53706209
2233,526439855,765411008
2234,136611260,414603074
2235,2245418471,18896884
2236,2777247413,18896884
2237,21391144,3375753083
2238,75603265,481204190
2239,922764335826563072,481204190
2240,2372648808,481204190
2241,3375753083,818095004900061185
2242,3375753083,481204190
2243,12646372,18896884
